{"val_loss": [0.2130228122206743, 0.15533293495348138, 0.1342394108451862, 0.12928304899819087, 0.12700549058282196, 0.12805090123359253, 0.12639938416340896, 0.12139629786765045, 0.11361578663090897, 0.11677670679441078, 0.12418622237392027, 0.12861094117207858, 0.11884511139283485, 0.12670961637692618, 0.12630547144862, 0.1323208852674991, 0.13388418040806846, 0.13786992434891568, 0.14211341490988882, 0.15271791247533853, 0.16051248361658987, 0.15511645702960528, 0.1614403234688419, 0.17847037729583454, 0.17263574619536937, 0.17516864715123015, 0.20287189542555265, 0.18000981979064887, 0.19409757687973614, 0.19868356269844037, 0.21859641115114176, 0.20724446821197393, 0.18738679992925808, 0.19812337081832526, 0.22182666315729868, 0.22265497215695243, 0.23209571591267583, 0.2233816757425786, 0.25212740278251705, 0.24260748540084617, 0.2385375758681671, 0.2425431954821284, 0.25683174375775014, 0.23651188645621185, 0.2563506595259403, 0.26875957724107, 0.26315806843568645, 0.2602180523695157, 0.2533689431920624, 0.24941926542279105, 0.26731995516959717, 0.2928035792536368, 0.2557663789240632, 0.24764533531219873, 0.31404802790863673, 0.2724409926441246, 0.3063577726190223, 0.3167571566664992, 0.2832433333015565, 0.28222789749219623, 0.27476170728982013, 0.32759755262633516, 0.26238234110851705, 0.2949082058130907, 0.28670833584777733, 0.2554853680522278, 0.3205613756095237, 0.3097781196923765, 0.2537008554118174, 0.2706672406050514, 0.3334783833907597, 0.3119354627135107, 0.29942630527595704, 0.28628033944980746, 0.29357306580655385, 0.33003619949458607, 0.284471586874606, 0.2970254691915334, 0.31900432485196906, 0.32256206010415145, 0.3099970807282627, 0.33556457320141125, 0.3109130812787848, 0.3264097325931496, 0.3001498711835719, 0.3021566920085747, 0.3121268335550841, 0.29955494968939583, 0.30081596053711485, 0.3537478430430299, 0.29628125225698054, 0.3184462856466503, 0.30567387503477805, 0.35696014817665944, 0.3167316537928251, 0.2950052223217868, 0.289228828471924, 0.34128153284723933, 0.3236547149033056, 0.2843900932343265], "val_acc": [0.9213157046498579, 0.9471138344584492, 0.9574330859282677, 0.9580780391691578, 0.9600128988918278, 0.9558207028260426, 0.9596904222713828, 0.9609803289261528, 0.9603353755122729, 0.9600128988918278, 0.9580780391691578, 0.9600128988918278, 0.9613028053736079, 0.961947758614498, 0.9590454690304928, 0.9609803287531629, 0.9596904222713828, 0.9609803289261528, 0.9564656560669327, 0.9558207028260426, 0.9574330859282677, 0.962270235234943, 0.9561431794464876, 0.9584005157896027, 0.9561431794464876, 0.9525959366215925, 0.9567881326873777, 0.9567881326873777, 0.9551757495851526, 0.9532408898624825, 0.9567881326873777, 0.9545307967286847, 0.9584005157896027, 0.9564656560669327, 0.9590454690304928, 0.9538858431033725, 0.9571106093078227, 0.9580780391691578, 0.9584005157896027, 0.9532408902469046, 0.9567881326873777, 0.9596904222713828, 0.9580780391691578, 0.9538858431033725, 0.9580780391691578, 0.9625927122398101, 0.9567881326873777, 0.9558207032104648, 0.9584005157896027, 0.9545307963442625, 0.9561431794464876, 0.9548532733491296, 0.9587229924100478, 0.9580780391691578, 0.9577555625487127, 0.9574330863126899, 0.9554982262055977, 0.9574330863126899, 0.9571106093078227, 0.9590454690304928, 0.9574330859282677, 0.9571106093078227, 0.9561431796194776, 0.9574330863126899, 0.9580780391691578, 0.9532408898624825, 0.9500161236580323, 0.9571106093078227, 0.9561431794464876, 0.9542083201082396, 0.9529184132420375, 0.9558207032104648, 0.9580780393421477, 0.9593679456509379, 0.9580780391691578, 0.9613028053736079, 0.9571106094808126, 0.9567881330717998, 0.9567881326873777, 0.9558207032104648, 0.9584005157896027, 0.9593679456509379, 0.9596904222713828, 0.9577555625487127, 0.9613028053736079, 0.9567881326873777, 0.962270235234943, 0.9584005157896027, 0.9564656564513547, 0.9584005157896027, 0.9567881330717998, 0.9606578523057079, 0.9593679456509379, 0.9567881330717998, 0.959690422655805, 0.9596904222713828, 0.9548532733491296, 0.9613028057580301, 0.9574330863126899, 0.9564656560669327], "loss": [0.4527114493030196, 0.1838551418560781, 0.15115503089946292, 0.1382304215159357, 0.13171895654337068, 0.12230937895757098, 0.11675908156163319, 0.10952931690117736, 0.10841581022007159, 0.09976271679916744, 0.09427921157379199, 0.08897921598410531, 0.08361375559814722, 0.07960237738391449, 0.0764474375322583, 0.06809780103542486, 0.06387053586430252, 0.05891680033066797, 0.05445753724965009, 0.04828405336886583, 0.0421577593948909, 0.037934035227032564, 0.037840904706426357, 0.03496278159659907, 0.03213020469447755, 0.029082825466256006, 0.028707401989127527, 0.026980009848694576, 0.02064289607846848, 0.020584236958026362, 0.022010737192868488, 0.02563805431774455, 0.018681164182374782, 0.020125230951698624, 0.013959558883904285, 0.01615440905110176, 0.01158808923479767, 0.014131819516979819, 0.015476746599480779, 0.02144859882783205, 0.014466824565249796, 0.012314328230293705, 0.01058881813753688, 0.013847503567765167, 0.013577649406862898, 0.011923907204905278, 0.010882354289757578, 0.00922819096240851, 0.011281983948068114, 0.012259980228503893, 0.010357651602379244, 0.0114360177718002, 0.013203410015406076, 0.01028896488898215, 0.009018247044080779, 0.00987837987228307, 0.009333039191378768, 0.01035730764383705, 0.009603067816531667, 0.006205088158762712, 0.00916180033302873, 0.007756406274795006, 0.011647243320288237, 0.012885895455267532, 0.007144517866819277, 0.010936506256536204, 0.0067135148486305845, 0.008127786353114105, 0.011451947644518061, 0.008246308758551561, 0.0077615393523902355, 0.008636321802548003, 0.009875426745498682, 0.0073218717253896734, 0.006457837363842518, 0.007435724114552471, 0.015088991314177852, 0.007201122856219455, 0.008373611170190113, 0.006442292254159652, 0.008712104728919628, 0.004879176312946338, 0.00564145459631433, 0.008539596395505554, 0.01048495317722379, 0.0032250490979506934, 0.003570132759319141, 0.007296503842240159, 0.006204162396154707, 0.004325795750804033, 0.01561859246843787, 0.0046252193957807405, 0.010680448576868123, 0.00862550058149335, 0.008735382723657736, 0.005569788695573841, 0.006298652071849317, 0.004840119854499782, 0.006072209833723301, 0.009518561588814027],