{"val_loss": [0.3665601698881732, 0.16093654276112979, 0.14275070327168624, 0.12999632333275274, 0.13811434128089553, 0.1253474804277537, 0.13363554733284286, 0.1229658002206219, 0.12370008449089677, 0.11966754572621587, 0.1263740865302851, 0.12286697334337526, 0.13375035923374387, 0.1353348092575759, 0.14155737219587983, 0.12963344115416722, 0.13677979400036067, 0.15713035492349617, 0.14801993894383855, 0.18200981285529957, 0.17684146858480276, 0.18748481356878505, 0.17170716951649562, 0.1789657643046236, 0.24681009904813936, 0.2015123887564801, 0.2187213278785516, 0.20921511035226345, 0.2216141827690413, 0.21738583306964848, 0.2504558163865925, 0.21066715874159886, 0.21332080675224765, 0.21143947227208393, 0.24478640878721422, 0.23939968326021802, 0.23645275219510886, 0.2370716321640382, 0.24198759490637886, 0.2563082942308456, 0.2625928771823539, 0.26066408787608647, 0.2452386702737936, 0.27503306867710353, 0.28207990403537286, 0.2878844574002518, 0.25356300262405734, 0.2713773358506335, 0.25417788720172246, 0.2658524523239603, 0.2691113949422681, 0.2568520165484919, 0.28845822217194583, 0.26140484685707155, 0.2906212600291025, 0.3184528724392242, 0.2590938391333932, 0.28081616366228646, 0.26438938353243124, 0.26874260883808365, 0.26795221227997545, 0.2939622925966257, 0.28171852464562114, 0.27210522528349756, 0.2901658094681797, 0.3075122727151457, 0.29574811009294333, 0.2974383175800747, 0.2917755910551902, 0.3202027148227467, 0.2986897115554494, 0.30332731315010175, 0.30487518828940063, 0.2893163865057932, 0.2856044397226594, 0.3165585929753126, 0.2872507207814012, 0.3267597462747682, 0.30124670091232, 0.31339986462558095, 0.3890514777326384, 0.29953921158365265, 0.30019044723050586, 0.32057168185999224, 0.32604850253456064, 0.32944850839724926, 0.33178421833228966, 0.3092100443051193, 0.3081471988344454, 0.30850986160052013, 0.30674978037314027, 0.3288020939235532, 0.30397951736522466, 0.3340987772018592, 0.3211172873527292, 0.33697533738727015, 0.37372659451560375, 0.3380700498482982, 0.34771090228878193, 0.3397798231415155], "val_acc": [0.8210254759028895, 0.9451789747357792, 0.9522734601741374, 0.9574330859282677, 0.9567881326873777, 0.9584005157896027, 0.9525959366215925, 0.9584005159625927, 0.9587229925830377, 0.9593679458239278, 0.9567881326873777, 0.9584005157896027, 0.9554982262055977, 0.9571106093078227, 0.9551757495851526, 0.9590454690304928, 0.9600128990648178, 0.9567881326873777, 0.9548532729647076, 0.9545307965172525, 0.9535633664829275, 0.9554982262055977, 0.9548532729647076, 0.9548532729647076, 0.9519509833807024, 0.9600128990648178, 0.9561431794464876, 0.9584005157896027, 0.9590454690304928, 0.9606578521327179, 0.9561431794464876, 0.9558207028260426, 0.9587229924100478, 0.9545307963442625, 0.9590454690304928, 0.9580780391691578, 0.9587229924100478, 0.9571106093078227, 0.9538858431033725, 0.9567881326873777, 0.9574330859282677, 0.9554982262055977, 0.9580780391691578, 0.9551757495851526, 0.9593679456509379, 0.9590454690304928, 0.9567881326873777, 0.9596904222713828, 0.9564656560669327, 0.9574330859282677, 0.9593679456509379, 0.9571106093078227, 0.9600128988918278, 0.9593679456509379, 0.9609803287531629, 0.9564656560669327, 0.9567881330717998, 0.9580780393421477, 0.9567881326873777, 0.962592711855388, 0.9596904222713828, 0.9571106093078227, 0.9596904222713828, 0.9584005157896027, 0.9577555625487127, 0.9564656564513547, 0.9561431794464876, 0.9551757495851526, 0.9571106093078227, 0.9574330859282677, 0.9571106093078227, 0.9580780391691578, 0.9567881326873777, 0.9603353755122729, 0.9606578521327179, 0.9609803287531629, 0.9603353755122729, 0.9580780391691578, 0.9596904222713828, 0.9580780391691578, 0.9509835535193674, 0.9571106093078227, 0.9542083197238176, 0.9561431798309097, 0.9574330859282677, 0.9577555625487127, 0.9571106093078227, 0.9587229924100478, 0.9593679456509379, 0.9571106093078227, 0.9590454690304928, 0.9603353755122729, 0.9584005157896027, 0.9590454690304928, 0.9606578521327179, 0.9590454690304928, 0.9571106093078227, 0.9584005157896027, 0.9587229924100478, 0.9587229924100478], "loss": [0.5760203673168732, 0.22508284163249606, 0.15900402219936785, 0.14320000102004063, 0.13184653408147323, 0.12281971502994031, 0.11455702200610239, 0.11140162432766704, 0.10177606680925681, 0.09586472212643421, 0.08956738505824047, 0.08385122653984549, 0.07669542527393527, 0.0749707476956359, 0.06624602665577521, 0.06390325061003228, 0.056312350298363414, 0.048746583114465405, 0.04645595262388025, 0.04150677453036439, 0.037837657552061796, 0.03392477370063006, 0.032379422149359204, 0.027403664276854853, 0.025325267645162398, 0.027163091035963656, 0.021913304308176538, 0.020034798648989712, 0.02151884164621343, 0.021385386657208145, 0.015863041757004235, 0.01817427589178955, 0.015425797768704008, 0.02166873881403915, 0.01454409882489778, 0.011448154996090884, 0.012396406350065487, 0.016855821353406557, 0.010390552889304119, 0.01868826972993555, 0.01278705443117628, 0.008395543098685483, 0.009656233620584145, 0.011400305298145992, 0.008844570674700179, 0.008551549682445536, 0.011653504420416717, 0.01263821848743779, 0.011362877998869673, 0.0074924789657717155, 0.008046302137164313, 0.014662393684129062, 0.006859704219499221, 0.007389648621602423, 0.00951128845369471, 0.008085875945618248, 0.011954382604676487, 0.008034219281710839, 0.008892851533141, 0.007814653597846884, 0.00833089876251917, 0.004520359746387266, 0.006146899012134593, 0.007390085968227588, 0.011981981424012949, 0.007744663127459754, 0.007655035452008121, 0.01148317771795654, 0.0056419834278710074, 0.007542328877842879, 0.008718343971521205, 0.0066569237186678365, 0.007034328228721301, 0.0075232355404043156, 0.007815420119933926, 0.010921186675441246, 0.006192310457487739, 0.010242049240234325, 0.004673239531859425, 0.006778926510188518, 0.007475643176220408, 0.010222998936697066, 0.0064080230328849, 0.009872578157840643, 0.004728311365002621, 0.005766383804194714, 0.005722792282707857, 0.009878017357579018, 0.008295518908054321, 0.00991785499039988, 0.006907534309140124, 0.003912415062302253, 0.009586813295084021, 0.004413880572427369, 0.002245781792811217, 0.006062546622729645, 0.006549026631066822, 0.0037692973821409174, 0.008094373226123386, 0.004255927106520098],