{"val_loss": [0.16833515930410278, 0.14590261388367048, 0.14012421199061417, 0.13112541322014631, 0.12767028632720645, 0.12802885218094873, 0.11861346530139696, 0.11748187345089509, 0.1199155059486618, 0.12025656712820207, 0.12569409596347225, 0.11639889617748161, 0.11868121754588311, 0.12623211430546086, 0.1347773733570744, 0.1246665280572986, 0.1301224716728501, 0.14269711535997023, 0.14608101751469135, 0.15925547059160478, 0.17034630912305923, 0.1701219312339704, 0.1675356234448143, 0.1791737202923746, 0.1761150761384016, 0.1880504077685452, 0.18981449387220367, 0.20356578217691393, 0.19039732770035053, 0.19749824834464347, 0.19632912657119428, 0.21050236643475512, 0.20655900495585147, 0.21374040916057527, 0.21239581088253479, 0.2276375629860753, 0.23289610444538364, 0.23608117982605817, 0.20976723542197295, 0.23013483450148267, 0.23260393869690416, 0.23399752470725046, 0.23501964008104645, 0.23978340083727795, 0.24671280864831593, 0.2627104389133164, 0.2449613620257693, 0.2607082300265348, 0.2540067492791123, 0.26874783528462337, 0.25522899732921095, 0.25520365512955384, 0.28100544690211254, 0.28786986786121327, 0.27437791014940116, 0.25172804315237796, 0.28795462584868436, 0.24963320476014705, 0.29129153553496173, 0.2676258512905666, 0.24176367826132728, 0.30987514699372276, 0.27379165399520483, 0.26461240159805954, 0.2754490156061839, 0.2819840489150593, 0.2899455886979289, 0.28342547790609574, 0.2783155254070623, 0.3034637070248028, 0.2965175225893477, 0.2907759002129067, 0.29154369820321385, 0.2890619943179707, 0.29212594601712816, 0.28333599642952273, 0.2940133099198841, 0.27500409713169327, 0.2993948895752103, 0.29000727276827437, 0.2885410220886922, 0.2983605886026568, 0.3058927046727919, 0.299300546746164, 0.30067558674533995, 0.2804600393332923, 0.3271410092254947, 0.30703707196008234, 0.3329915019801569, 0.3299840864986998, 0.316363181706226, 0.3071214391152269, 0.3129193822473951, 0.311422736851588, 0.32132938193077426, 0.29761169266985216, 0.3309739665823554, 0.3213713573365779, 0.32750910912664116, 0.3371460140616384], "val_acc": [0.942276685151774, 0.9548532729647076, 0.9516285071446795, 0.9574330859282677, 0.9574330859282677, 0.9554982262055977, 0.9580780391691578, 0.9567881326873777, 0.9587229924100478, 0.9613028053736079, 0.9564656560669327, 0.9590454690304928, 0.9593679458239278, 0.9580780391691578, 0.9571106093078227, 0.9609803287531629, 0.961947758614498, 0.9584005157896027, 0.9529184132420375, 0.9548532729647076, 0.9587229924100478, 0.9590454690304928, 0.9590454690304928, 0.9571106096922448, 0.9571106094808126, 0.9587229924100478, 0.9606578521327179, 0.9561431794464876, 0.9574330859282677, 0.9613028055465979, 0.9554982262055977, 0.9561431794464876, 0.962915188475833, 0.961625281994053, 0.9616252821670429, 0.9561431798309097, 0.9600128988918278, 0.9600128988918278, 0.9600128988918278, 0.9603353755122729, 0.9545307963442625, 0.9561431794464876, 0.9593679456509379, 0.9596904222713828, 0.9564656560669327, 0.9587229924100478, 0.9593679456509379, 0.9596904222713828, 0.9577555625487127, 0.9554982262055977, 0.9590454690304928, 0.9577555625487127, 0.9584005157896027, 0.9571106093078227, 0.962270235234943, 0.961625281994053, 0.962915188475833, 0.9600128988918278, 0.9580780391691578, 0.9593679456509379, 0.9596904222713828, 0.9584005157896027, 0.9587229924100478, 0.962915188475833, 0.9590454690304928, 0.9577555625487127, 0.9551757495851526, 0.9600128988918278, 0.9580780391691578, 0.9587229924100478, 0.962592711855388, 0.9603353755122729, 0.9577555625487127, 0.9593679456509379, 0.9584005157896027, 0.9567881326873777, 0.9593679456509379, 0.9590454690304928, 0.9580780391691578, 0.9577555625487127, 0.9587229924100478, 0.9596904222713828, 0.9584005157896027, 0.9635601417167231, 0.9590454690304928, 0.9606578521327179, 0.9564656564513547, 0.9574330859282677, 0.9587229927944699, 0.9580780391691578, 0.9580780391691578, 0.9567881326873777, 0.9577555625487127, 0.9580780391691578, 0.9596904222713828, 0.9542083197238176, 0.9580780391691578, 0.9548532729647076, 0.9567881326873777, 0.9574330859282677], "loss": [0.4684797685383421, 0.17227165856931273, 0.1488539426444225, 0.13534315504055766, 0.12700468031152645, 0.12172631817758646, 0.11396971073194402, 0.10818153934770507, 0.10043400361506374, 0.09444466730737064, 0.09010917080156781, 0.09092571287219409, 0.07838465192284919, 0.07578446851264516, 0.06890956181438006, 0.06607686402179597, 0.059494844539318706, 0.05341401329122164, 0.05100058358576181, 0.04585349665460573, 0.04934238018634108, 0.04151665979824603, 0.03473395896090781, 0.034873363735609786, 0.03038273271863802, 0.027830246101695256, 0.0248451547279272, 0.024325630847519628, 0.022851914155731002, 0.023684265518601432, 0.02157104050928336, 0.020934521017743887, 0.019097070214569144, 0.01822431298104776, 0.017279020200287504, 0.015902786875194943, 0.015372417052838596, 0.014702022221669787, 0.013215053926350475, 0.014323528841190073, 0.024734182024544384, 0.01361638327894611, 0.013367767306845376, 0.009663204473434875, 0.009484090216316096, 0.010937991239241532, 0.012262315707365768, 0.01104539190430552, 0.010194612304154853, 0.011771010335643924, 0.011535353320529948, 0.010663617627935877, 0.011457631094821405, 0.011225866715664503, 0.007017550525490967, 0.007394778703685449, 0.008812631857155013, 0.0102420214797389, 0.0074391090446610944, 0.012601301882743284, 0.011025623992737451, 0.007462985959720176, 0.010317487742807286, 0.006632041700876374, 0.00856353497300351, 0.01037608338531478, 0.005671064989008706, 0.010491863171156713, 0.010438759076624136, 0.014367362328756945, 0.007636678323861171, 0.008934634896537575, 0.010101871485548943, 0.007712422118211254, 0.008911146124740383, 0.005378277344217073, 0.004922836785228684, 0.007941461597302215, 0.008705754054030566, 0.005199890257062049, 0.00749334354547181, 0.00818084904767598, 0.008067891573176346, 0.007682542404549359, 0.008922988118067824, 0.007005292429874433, 0.010658017942798597, 0.011376475141704976, 0.006525068525251769, 0.005569370754882597, 0.008704426606355833, 0.005290102586330484, 0.005208886294201675, 0.008116464154195016, 0.00878186668333362, 0.006341146998127003, 0.009357437147352418, 0.005639417122305629, 0.009165203150653507, 0.010071648920437538],